actor,movie_or_TV_name
Mara Carisi,Forbidden Temptations
Mara Carisi,SS Camp 5: Women's Hell
Mara Carisi,SS Experiment Love Camp
Mara Carisi,Twelve Plus One
Mara Carisi,Fellini Satyricon
Mara Carisi,Salon Kitty
Mara Carisi,Roma
Mara Carisi,"Man, Pride and Vengeance"
Mara Carisi,Kill or Be Killed
Mara Carisi,Property Is No Longer a Theft
Mara Carisi,Vow of Chastity
Mara Carisi,Hercules of the Desert
Mara Carisi,Django
Mara Carisi,Omicron
Mara Carisi,The Witches
Mara Carisi,First Love
Romano Moraschini,Investigation of a Citizen Above Suspicion
Romano Moraschini,Convoy Busters
Romano Moraschini,The Bible: In the Beginning...
Romano Moraschini,Cafè Express
Romano Moraschini,White Fang
Romano Moraschini,"Girolimoni, the Monster of Rome"
Romano Moraschini,Blood and Black Lace
Romano Moraschini,Salon Kitty
Romano Moraschini,My Dear Nephews
Romano Moraschini,Flavia the Heretic
Romano Moraschini,Django
Romano Moraschini,Hercules Against the Barbarians
Romano Moraschini,The Witches
Romano Moraschini,Two Colonels
Romano Moraschini,Lost Treasure of the Incas
Romano Moraschini,Knife of Ice
Lucio De Santis,Gunman Sent by God
Lucio De Santis,Lone and Angry Man
Lucio De Santis,Son of Django
Lucio De Santis,Ringo and His Golden Pistol
Lucio De Santis,Erik the Viking
Lucio De Santis,The Masked Man Against the Pirates
Lucio De Santis,The Hills Run Red
Lucio De Santis,The Monte Carlo Story
Lucio De Santis,Samson and Gideon
Lucio De Santis,My Gun is the Law
Lucio De Santis,And God Said to Cain
Lucio De Santis,Rattler Kid
Lucio De Santis,Jesse James' Kid
Lucio De Santis,LSD Flesh of Devil
Lucio De Santis,"Texas, Adios"
Lucio De Santis,Vengeance
Lucio De Santis,Django
Lucio De Santis,Execution
Lucio De Santis,One by One
Lucio De Santis,I Am Semiramis
Lucio De Santis,The Rover
Lucio De Santis,"Django, Prepare a Coffin"
Lucio De Santis,Trap for Seven Spies
Yvonne Sanson,Nero and the Burning of Rome
Yvonne Sanson,Don Franco and Don Ciccio in a Year of Protest
Yvonne Sanson,Il ragazzo che sorride
Yvonne Sanson,L'inafferrabile 12
Yvonne Sanson,Torna!
Yvonne Sanson,Aquila Nera
Yvonne Sanson,"A.A.A. Masseuse, Good-Looking, Offers Her Services"
Yvonne Sanson,He Who Is Without Sin...
Yvonne Sanson,The Three Musketeers
Yvonne Sanson,Chains
Yvonne Sanson,"Rome, 1585"
Yvonne Sanson,Black City
Yvonne Sanson,When You Read This Letter
Yvonne Sanson,The Great Dawn
Yvonne Sanson,Lo smemorato di Collegno
Yvonne Sanson,The Conformist
Yvonne Sanson,The Biggest Bundle of Them All
Yvonne Sanson,Flucht in die Dolomiten
Yvonne Sanson,Flesh Will Surrender
Yvonne Sanson,Django
Yvonne Sanson,Wanda the Sinner
Yvonne Sanson,Il campanile d'oro
Yvonne Sanson,Frisky
Yvonne Sanson,Campane a martello
Yvonne Sanson,Day of Anger
Yvonne Sanson,Dark Soul
Yvonne Sanson,The White Angel
Yvonne Sanson,One Appreciated Professional of Sure Future
Yvonne Sanson,The Overcoat
Yvonne Sanson,Star of India
Yvonne Sanson,The Prophet
Yvonne Sanson,You Are Always In My Mind
Yvonne Sanson,Nobody's Children
Yvonne Sanson,This Angry Age
Yvonne Sanson,The Emperor of Capri
Yvonne Sanson,The Shortest Day
Yvonne Sanson,Malinconico autunno
Yvonne Sanson,The Mysterious Rider
Yvonne Sanson,Noi peccatori
Yvonne Sanson,The Last Violence
Yvonne Sanson,La moglie è uguale per tutti
Yvonne Sanson,Il mondo dei miracoli
Yvonne Sanson,Tormento
Yvonne Sanson,We Have Only One Life
Yvonne Sanson,We Are All Murderers
Yvonne Sanson,Twisted Sex Vol. 5
Yvonne Sanson,Menzogna
Yvonne Sanson,The chastity belt
Yvonne Sanson,The Miller's Beautiful Wife
José Terrón,Fifteen Scaffolds for the Killer
José Terrón,The Deserter
José Terrón,"The Good, the Bad and the Ugly"
José Terrón,El Cid
José Terrón,I Want Him Dead
José Terrón,For a Few Dollars More
José Terrón,God Forgives... I Don't!
José Terrón,Arizona Colt
José Terrón,Forgotten Pistolero
José Terrón,The Fall of the Roman Empire
José Terrón,Navajo Joe
José Terrón,Death Rides a Horse
José Terrón,White Comanche
José Terrón,Django
José Terrón,Circus World
Flora Carosello,"Young, Violent, Dangerous"
Flora Carosello,Assolto per aver commesso il fatto
Flora Carosello,The Landlords
Flora Carosello,Il clan dei due Borsalini
Flora Carosello,La congiura dei Borgia
Flora Carosello,I due maggiolini più matti del mondo
Flora Carosello,To Be Twenty
Flora Carosello,Nick the Sting
Flora Carosello,Who's Afraid of Zorro
Flora Carosello,Tomb of Torture
Flora Carosello,Django
Flora Carosello,Il cavaliere dalla spada nera
Flora Carosello,Paolo il freddo
Flora Carosello,Maruzzella
Flora Carosello,Sua Eccellenza si fermò a mangiare
Flora Carosello,Apocalypse Joe
Flora Carosello,Teresa
Flora Carosello,Kidnap Syndicate
Flora Carosello,Naked Violence
Flora Carosello,"Laß jucken, Kumpel III. Teil - Maloche, Bier + Bett"
Flora Carosello,Titanic: The Legend Goes On...
José Canalejas,Han violado a una mujer (Tac-tac)
José Canalejas,Curro Jiménez
José Canalejas,El Secreto del capitán O'Hara
José Canalejas,The Hellbenders
José Canalejas,Lute: Forge On or Die
José Canalejas,Billy the Kid
José Canalejas,White Apache
José Canalejas,Compañeros
José Canalejas,For a Few Dollars More
José Canalejas,God Forgives... I Don't!
José Canalejas,A Stranger in Paso Bravo
José Canalejas,The Man in the Brown Suit
José Canalejas,La boda
José Canalejas,Los conquistadores del Pacífico
José Canalejas,Gidget Goes to Rome
José Canalejas,Taste of Killing
José Canalejas,La desconocida
José Canalejas,The Sea Serpent
José Canalejas,Horror Express
José Canalejas,Bloody Sun
José Canalejas,Cuando Almanzor perdió el tambor
José Canalejas,The Price of Power
José Canalejas,Villa Rides
José Canalejas,Sonny and Jed
José Canalejas,El halcón de Castilla
José Canalejas,Blood River
José Canalejas,Reverend's Colt
José Canalejas,The Ugly Ones
José Canalejas,Graf Luckner
José Canalejas,Scalps
José Canalejas,Django
José Canalejas,Doctor Justice
José Canalejas,Le due orfanelle
José Canalejas,Le avventure e gli amori di Miguel Cervantes
José Canalejas,If You Shoot… You Live!
José Canalejas,Cemetery Without Crosses
José Canalejas,Minnesota Clay
José Canalejas,The Great Adventure
José Canalejas,Der Tiefstapler
José Canalejas,Sabata the Killer
José Canalejas,A Fistful of Dollars
José Canalejas,Ride and Kill
José Canalejas,Attack of the Blind Dead
José Canalejas,El escándalo
José Canalejas,The Man Who Killed Billy the Kid
José Canalejas,Bad Medicine
José Canalejas,Niño nadie
José Canalejas,Femenino singular
José Canalejas,The Mercenary
José Canalejas,"Raise Your Hands, Dead Man! You're Under Arrest"
José Canalejas,La casa de las Chivas
José Canalejas,Ambiciosa
José Canalejas,I Want Him Dead
José Canalejas,The Man Called Noon
José Canalejas,Red Lips
José Canalejas,Huevos revueltos
José Canalejas,The Relentless Four
José Canalejas,A Dragonfly for Each Corpse
José Canalejas,Revenge of the Black Wolf
José Canalejas,Our Father
José Canalejas,La espada negra
José Canalejas,What Am I Doing in the Middle of the Revolution?
José Canalejas,Mutiny at Fort Sharpe
José Canalejas,Torrejón City
José Canalejas,Sign of Zorro
José Canalejas,El segundo poder
Luciano Rossi,Boot Hill
Luciano Rossi,Contraband
Luciano Rossi,White Fang to the Rescue
Luciano Rossi,Django Kills Softly
Luciano Rossi,Death Walks on High Heels
Luciano Rossi,Hotel Paradise
Luciano Rossi,Son of Django
Luciano Rossi,City of the Living Dead
Luciano Rossi,Silence the Witness
Luciano Rossi,Donne e magia con satanasso in compagnia
Luciano Rossi,The Terror with Cross-Eyes
Luciano Rossi,Salon Kitty
Luciano Rossi,Hate Is My God
Luciano Rossi,Frame Up
Luciano Rossi,Kiss of a Dead Woman
Luciano Rossi,Sheriff With the Gold
Luciano Rossi,Macrò
Luciano Rossi,Violent Naples
Luciano Rossi,The Sword of the Barbarians
Luciano Rossi,Closed Circuit
Luciano Rossi,The Conformist
Luciano Rossi,Savage Island
Luciano Rossi,Violent Rome
Luciano Rossi,Death Smiles on a Murderer
Luciano Rossi,Django the Bastard
Luciano Rossi,LSD Flesh of Devil
Luciano Rossi,Django
Luciano Rossi,The Violent Professionals
Luciano Rossi,Heroes in Hell
Luciano Rossi,Five for Hell
Luciano Rossi,The Sewer Rats
Luciano Rossi,Watch Out Gringo! Sabata Will Return
Luciano Rossi,Emanuelle and Françoise
Luciano Rossi,Death Sentence
Luciano Rossi,Death Walks at Midnight
Luciano Rossi,Long Live the Lady!
Luciano Rossi,Forgotten Pistolero
Luciano Rossi,Why They Kill Themselves
Luciano Rossi,Deaf Smith & Johnny Ears
Luciano Rossi,Halleluja for Django
Luciano Rossi,Free Hand for a Tough Cop
Luciano Rossi,The Red Nights of the Gestapo
Luciano Rossi,Gangsters
Luciano Rossi,The Rover
Luciano Rossi,"So Sweet, So Dead"
Luciano Rossi,Ingrid on the Road
Luciano Rossi,The Unholy Four
Luciano Rossi,They Call Me Trinity
Luciano Rossi,Sartana's Here... Trade Your Pistol for a Coffin
Luciano Rossi,Night Police Station
Luciano Rossi,"Django, Prepare a Coffin"
Luciano Rossi,Two Brothers in Trinity
Luciano Rossi,The Last Chance
Luciano Rossi,The Sicilian Connection
Luciano Rossi,"Run, Man, Run"
Luciano Rossi,I Am Afraid
Luciano Rossi,"Killer 77, Alive or Dead"
Luciano Rossi,Crime Busters
Luciano Rossi,Love Angels
Luciano Rossi,Date for a Murder
Luciano Rossi,A Man Called Sledge
Rafael Albaicín,The Ceremony
Rafael Albaicín,El chulo
Rafael Albaicín,Curro Jiménez
Rafael Albaicín,Death Haunts Monica
Rafael Albaicín,"China 9, Liberty 37"
Rafael Albaicín,Compañeros
Rafael Albaicín,Relevo para un pistolero
Rafael Albaicín,No quiero perder la honra
Rafael Albaicín,"House of 1,000 Dolls"
Rafael Albaicín,Cuando los maridos se iban a la guerra
Rafael Albaicín,Ringo and Gringo Against All
Rafael Albaicín,Seven Guns for Timothy
Rafael Albaicín,Siempre Carmen
Rafael Albaicín,The Scarlet Letter
Rafael Albaicín,La fiesta sigue
Rafael Albaicín,"Robin Hood, Arrow, Beans and Karate"
Rafael Albaicín,Sonny and Jed
Rafael Albaicín,The Hunting Party
Rafael Albaicín,El fenómeno
Rafael Albaicín,El Condor
Rafael Albaicín,Messengers of Peace
Rafael Albaicín,Graf Luckner
Rafael Albaicín,Creeping Death
Rafael Albaicín,Contraband Spain
Rafael Albaicín,The Anchorite
Rafael Albaicín,Django
Rafael Albaicín,Rueda de sospechosos
Rafael Albaicín,A Dog Called... Vengeance
Rafael Albaicín,The Strangers
Rafael Albaicín,Nuits andalouses
Rafael Albaicín,The Running Man
Rafael Albaicín,Doña Perfecta
Rafael Albaicín,Guerreras verdes
Rafael Albaicín,País S. A.
Rafael Albaicín,Whisky and Ghosts
Rafael Albaicín,El hombre que supo amar
Rafael Albaicín,Polvorilla
Rafael Albaicín,In a Colt's Shadow
Rafael Albaicín,Cuando los niños vienen de Marsella
Rafael Albaicín,El hombre que viajaba despacito
Rafael Albaicín,Play Dirty
Rafael Albaicín,Charley-One-Eye
Rafael Albaicín,Special Mission Lady Chaplin
Rafael Albaicín,The Savage Guns
Rafael Albaicín,The Vampires' Night Orgy
Rafael Albaicín,"María Antonia ""La Caramba"""
Rafael Albaicín,Esposa y amante
Rafael Albaicín,Massacre at Fort Grant
Rafael Albaicín,A Dragonfly for Each Corpse
Rafael Albaicín,Navajo Joe
Rafael Albaicín,Torero por alegrías
Rafael Albaicín,Assault on Fort Texan
Rafael Albaicín,"Watch Out, We're Mad"
Rafael Albaicín,Scheherazade
Rafael Albaicín,Sabata the Killer
Remo De Angelis,Viva l'Italia!
Remo De Angelis,The Violent Patriot
Remo De Angelis,The Great Silence
Remo De Angelis,John the Bastard
Remo De Angelis,The Great Kidnapping
Remo De Angelis,Death on the Run
Remo De Angelis,The Glass Sphinx
Remo De Angelis,Bloody Che Contra
Remo De Angelis,"Texas, Adios"
Remo De Angelis,Django
Remo De Angelis,Massacre in the Black Forest
Remo De Angelis,The Fury of Achilles
Remo De Angelis,Hannibal
Remo De Angelis,Sign of the Gladiator
Remo De Angelis,Madigan's Millions
Remo De Angelis,Blueprint for a Massacre
Remo De Angelis,Get Mean
Remo De Angelis,When Heroes Die
Remo De Angelis,The Great Adventure
Remo De Angelis,In a Colt's Shadow
Remo De Angelis,The Tough and the Mighty
Remo De Angelis,Here We for Example...
Remo De Angelis,The Unholy Four
Remo De Angelis,The Mercenary
Remo De Angelis,Agent Sigma 3 - Mission Goldwalther
Remo De Angelis,I Want Him Dead
Remo De Angelis,Black Box Affair
Remo De Angelis,"Django, Prepare a Coffin"
Remo De Angelis,Clint the Stranger
Remo De Angelis,The Specialists
Remo De Angelis,My Dear Killer
Remo De Angelis,The Belle Starr Story
Remo De Angelis,Sign of Zorro
Remo De Angelis,They Still Call Me Amen
Remo De Angelis,In the Shadow of the Eagles
Remo De Angelis,A Man Called Sledge
Gino Pernice,Vado a vedere il mondo capisco tutto e torno
Gino Pernice,Compañeros
Gino Pernice,Soldier of Fortune
Gino Pernice,"Bianco, rosso, giallo, rosa"
Gino Pernice,Spaghetti House
Gino Pernice,The Borgias or the golden blood
Gino Pernice,The Sex Machine
Gino Pernice,Smell of Flesh
Gino Pernice,"Texas, Adios"
Gino Pernice,Jus primae noctis
Gino Pernice,Django
Gino Pernice,Io non spezzo... rompo
Gino Pernice,Daniele and Maria
Gino Pernice,Attack and Retreat
Gino Pernice,The Man Who Laughs
Gino Pernice,Culo e camicia
Gino Pernice,Joe Petrosino
Gino Pernice,The Gamecock
Gino Pernice,The Head of the Family
Gino Pernice,The 10th Victim
Gino Pernice,Minnesota Clay
Gino Pernice,Di che segno sei?
Gino Pernice,The Story of Romance and Knife
Gino Pernice,Secret Scandal
Gino Pernice,Il corpo della ragassa
Gino Pernice,Adultery Italian Style
Gino Pernice,How to Lose a Wife and Find a Lover
Gino Pernice,The Crazy Westerners
Gino Pernice,Carmela is a doll
Gino Pernice,The Specialists
Gino Pernice,Hospitals: The White Mafia
Gino Pernice,The Working Class Goes to Heaven
Gino Pernice,Holy Cow
Gino Pernice,The Hellbenders
Gino Pernice,The Rules of the Game
Giovanni Ivan Scratuglia,Man Only Cries for Love
Giovanni Ivan Scratuglia,The Black Sheep
Giovanni Ivan Scratuglia,Face to Face
Giovanni Ivan Scratuglia,Garter Colt
Giovanni Ivan Scratuglia,Commandments for a Gangster
Giovanni Ivan Scratuglia,The Ten Million Dollar Grab
Giovanni Ivan Scratuglia,Execution
Giovanni Ivan Scratuglia,Operation San Pietro
Giovanni Ivan Scratuglia,The Head of the Family
Giovanni Ivan Scratuglia,Gangsters '70
Giovanni Ivan Scratuglia,Hate Thy Neighbor
Giovanni Ivan Scratuglia,La lunga sfida
Giovanni Ivan Scratuglia,The Vatican Affair
Giovanni Ivan Scratuglia,The Rover
Giovanni Ivan Scratuglia,All on the Red
Giovanni Ivan Scratuglia,Luana
Giovanni Ivan Scratuglia,Rififi ad Amsterdam
Giovanni Ivan Scratuglia,Two Sons of Ringo
Giovanni Ivan Scratuglia,The Return of Ringo
Giovanni Ivan Scratuglia,Son of Django
Giovanni Ivan Scratuglia,Lucrezia
Giovanni Ivan Scratuglia,"Listen, Let's Make Love"
Giovanni Ivan Scratuglia,Taste of Vengeance
Giovanni Ivan Scratuglia,A Gun for One Hundred Graves
Giovanni Ivan Scratuglia,The Beckett Affair
Giovanni Ivan Scratuglia,"Man, Pride and Vengeance"
Giovanni Ivan Scratuglia,God Made Them... I Kill Them
Giovanni Ivan Scratuglia,The Treasure of San Gennaro
Giovanni Ivan Scratuglia,Django
Giovanni Ivan Scratuglia,Don Chisciotte e Sancio Panza
Giovanni Ivan Scratuglia,The Doll of Satan
Giovanni Ivan Scratuglia,Pleasant Nights
Giovanni Ivan Scratuglia,The Stone Forest
Giovanni Ivan Scratuglia,Cisco
Giovanni Ivan Scratuglia,Go For Broke
Giovanni Ivan Scratuglia,A Sky Full of Stars for a Roof
Giovanni Ivan Scratuglia,Anyone Can Play
Giovanni Ivan Scratuglia,We'll Go to the City
Giovanni Ivan Scratuglia,Tequila Joe
Giovanni Ivan Scratuglia,One Dollar Too Many
Giovanni Ivan Scratuglia,No Graves on Boot Hill
Giovanni Ivan Scratuglia,Oedipus Rex
Giovanni Ivan Scratuglia,A Long Ride from Hell
Giovanni Ivan Scratuglia,Commandos
Giovanni Ivan Scratuglia,A Stranger in Town
Giovanni Ivan Scratuglia,Cjamango
Giovanni Ivan Scratuglia,Brutti di notte
Giovanni Ivan Scratuglia,"Texas, Adios"
Giovanni Ivan Scratuglia,Vengeance
Giovanni Ivan Scratuglia,Bora Bora
Giovanni Ivan Scratuglia,The Witch
Giovanni Ivan Scratuglia,Catch As Catch Can
Giovanni Ivan Scratuglia,The Prophet
Giovanni Ivan Scratuglia,The Violent Four
Giovanni Ivan Scratuglia,I Married You for Fun
Giovanni Ivan Scratuglia,Un brivido sulla pelle
Giovanni Ivan Scratuglia,"The Handsome, The Ugly, And The Stupid"
Giovanni Ivan Scratuglia,"Killer 77, Alive or Dead"
Giovanni Ivan Scratuglia,Desert Commandos
Giovanni Ivan Scratuglia,L'Ottimista Sorridente
Giovanni Ivan Scratuglia,Gun Shy Piluk
Giovanni Ivan Scratuglia,Bandits in Rome
Giovanni Ivan Scratuglia,Vengeance for Vengeance
Giovanni Ivan Scratuglia,Sheriff With the Gold
Giovanni Ivan Scratuglia,Black Jack
Giovanni Ivan Scratuglia,I Protect Myself Against My Enemies
Giovanni Ivan Scratuglia,"Don't Wait, Django… Shoot!"
Giovanni Ivan Scratuglia,Thompson 1880
Giovanni Ivan Scratuglia,Kill and Pray
Giovanni Ivan Scratuglia,A Man Called Amen
Giovanni Ivan Scratuglia,Colpo sensazionale al servizio del Sifar
Giovanni Ivan Scratuglia,The Tiger and the Pussycat
Giovanni Ivan Scratuglia,Why Go On Killing?
Giovanni Ivan Scratuglia,The 10th Victim
Giovanni Ivan Scratuglia,I'll Die for Vengeance
Giovanni Ivan Scratuglia,Last of the Badmen
Giovanni Ivan Scratuglia,The Girl with a Pistol
Giovanni Ivan Scratuglia,Ballad of a Gunman
Giovanni Ivan Scratuglia,The Reluctant Saint
Giovanni Ivan Scratuglia,Theorem
Giovanni Ivan Scratuglia,Colt in the Hand of the Devil
Giovanni Ivan Scratuglia,The Devil in Love
Giovanni Ivan Scratuglia,"Io non protesto, io amo"
Giovanni Ivan Scratuglia,Every Man Is My Enemy
Giovanni Ivan Scratuglia,"Django, Prepare a Coffin"
Giovanni Ivan Scratuglia,Say Your Prayers... and Dig Your Grave!
Giovanni Ivan Scratuglia,The Ruthless Four
Giovanni Ivan Scratuglia,The Hellbenders
Simón Arriaga,The Hellbenders
Simón Arriaga,Billy the Kid
Simón Arriaga,Compañeros
Simón Arriaga,La curiosa
Simón Arriaga,Seven Golden Men Strike Again
Simón Arriaga,El señor está servido
Simón Arriaga,Poachers
Simón Arriaga,The Implacable Three
Simón Arriaga,The Guerrilla
Simón Arriaga,Rattler Kid
Simón Arriaga,The Devil's Possessed
Simón Arriaga,Sonny and Jed
Simón Arriaga,Cut-Throats Nine
Simón Arriaga,El Condor
Simón Arriaga,"A la Legión le gustan las mujeres… y a las mujeres, les gusta la Legión"
Simón Arriaga,Graf Luckner
Simón Arriaga,Santo vs. Doctor Death
Simón Arriaga,Django
Simón Arriaga,The Shadow of Zorro
Simón Arriaga,La Carmen
Simón Arriaga,Tombs of the Blind Dead
Simón Arriaga,The Man Who Killed Billy the Kid
Simón Arriaga,A Prewar Grandmother
Simón Arriaga,The Mercenary
Simón Arriaga,La casa de las Chivas
Simón Arriaga,Lo verde empieza en los Pirineos
Simón Arriaga,Gunfighters of Casa Grande
Simón Arriaga,Navajo Joe
Simón Arriaga,Torrejón City
Simón Arriaga,What Am I Doing in the Middle of the Revolution?
Simón Arriaga,Sabata the Killer
Simón Arriaga,Polvo eres...
Loredana Nusciak,Two Vikings
Loredana Nusciak,Tiffany Memorandum
Loredana Nusciak,La banda Casaroli
Loredana Nusciak,Vengeance for Vengeance
Loredana Nusciak,Gladiators 7
Loredana Nusciak,God Will Forgive My Pistol
Loredana Nusciak,Yesterday - vacanze al mare
Loredana Nusciak,"$10,000 for a Massacre"
Loredana Nusciak,Z7 Operation Rembrandt
Loredana Nusciak,Siamo tutti pomicioni
Loredana Nusciak,I motorizzati
Loredana Nusciak,Django
Loredana Nusciak,Seven Dollars on Red
Loredana Nusciak,Mad Enough to Kill
Loredana Nusciak,Silent Action
Loredana Nusciak,Colossus and the Amazon Queen
Loredana Nusciak,Superargo vs Diabolicus
Loredana Nusciak,Les baisers
Loredana Nusciak,Sodom and Gomorrah
Loredana Nusciak,Il morbidone
Loredana Nusciak,Man from Canyon City
Loredana Nusciak,The Fall of Rome
Loredana Nusciak,Smog
Loredana Nusciak,Seven from Thebes
Loredana Nusciak,Something Creeping in the Dark
Loredana Nusciak,Tony Arzenta
Eduardo Fajardo,Agustina of Aragon
Eduardo Fajardo,Curro Jiménez
Eduardo Fajardo,Compañeros
Eduardo Fajardo,Operation Apocalypse
Eduardo Fajardo,A Stranger in Paso Bravo
Eduardo Fajardo,Las hijas del Zorro
Eduardo Fajardo,La ciudad de los niños
Eduardo Fajardo,El último viaje
Eduardo Fajardo,Master Stroke
Eduardo Fajardo,"Café, coca y puro"
Eduardo Fajardo,Sharon vestida de rojo
Eduardo Fajardo,Macario
Eduardo Fajardo,Don Quixote
Eduardo Fajardo,Exterminators of the Year 3000
Eduardo Fajardo,"Robin Hood, Arrow, Beans and Karate"
Eduardo Fajardo,¿Quién soy yo?
Eduardo Fajardo,Viva Cangaceiro
Eduardo Fajardo,Death in the Vatican
Eduardo Fajardo,Convoy Buddies
Eduardo Fajardo,Bad Man's River
Eduardo Fajardo,El último proceso en París
Eduardo Fajardo,¡Esto es un atraco!
Eduardo Fajardo,La Leona de Castilla
Eduardo Fajardo,Satan's Profile
Eduardo Fajardo,One by One
Eduardo Fajardo,El taxi de los conflictos
Eduardo Fajardo,Locura de amor
Eduardo Fajardo,Cry Chicago
Eduardo Fajardo,A Woman's Pride
Eduardo Fajardo,"Ringo, the Mark of Vengeance"
Eduardo Fajardo,Las nenas del mini-mini
Eduardo Fajardo,The Mercenary
Eduardo Fajardo,Cuatro noches de boda
Eduardo Fajardo,El Curioso Impertinente
Eduardo Fajardo,Killer Adios
Eduardo Fajardo,Noche de Reyes
Eduardo Fajardo,"Adios, Hombre"
Eduardo Fajardo,At the End of the Rainbow
Eduardo Fajardo,Las últimas banderas
Eduardo Fajardo,Trap for Seven Spies
Eduardo Fajardo,The Call of Sex
Eduardo Fajardo,The Tough One
Eduardo Fajardo,Erik the Viking
Eduardo Fajardo,Sergeant Berry
Eduardo Fajardo,Heroes del 95
Eduardo Fajardo,The Shack
Eduardo Fajardo,Seven Jackals
Eduardo Fajardo,Tequila!
Eduardo Fajardo,Eagles Over London
Eduardo Fajardo,The Hyena
Eduardo Fajardo,A Gun for One Hundred Graves
Eduardo Fajardo,"Guapa, rica y... especial"
Eduardo Fajardo,Shango
Eduardo Fajardo,Pas de panique
Eduardo Fajardo,The Shark Hunter
Eduardo Fajardo,Argoman the Fantastic Superman
Eduardo Fajardo,Venus de fuego
Eduardo Fajardo,Django
Eduardo Fajardo,Doctor Justice
Eduardo Fajardo,La ciudad no es para mí
Eduardo Fajardo,Ace of Hearts
Eduardo Fajardo,Dulcinea
Eduardo Fajardo,School for Buglars
Eduardo Fajardo,The Lonely Woman
Eduardo Fajardo,Reckless
Eduardo Fajardo,Apocalypse Joe
Eduardo Fajardo,Go For Broke
Eduardo Fajardo,Yankee Dudler
Eduardo Fajardo,Cross of the Devil
Eduardo Fajardo,El Bandido Malpelo
Eduardo Fajardo,Knife of Ice
Eduardo Fajardo,Love Charm
Eduardo Fajardo,Tristeza de Amor
Eduardo Fajardo,El lago de las vírgenes
Eduardo Fajardo,Conquest
Eduardo Fajardo,Ringo's Big Night
Eduardo Fajardo,The Crying Woman
Eduardo Fajardo,De mujer a mujer
Eduardo Fajardo,What Am I Doing in the Middle of the Revolution?
Eduardo Fajardo,Your Sweet Body to Kill
Eduardo Fajardo,Magic Powder
Eduardo Fajardo,An Ordinary Woman
Eduardo Fajardo,The House of Exorcism
Eduardo Fajardo,"El bueno, la bomba y el malo"
Eduardo Fajardo,Yellow Hair and the Fortress of Gold
Eduardo Fajardo,The Scarlet Letter
Eduardo Fajardo,Tizoc
Eduardo Fajardo,Hundra
Eduardo Fajardo,Beyond the End of the World
Eduardo Fajardo,It's Not Good for a Man to Be Alone
Eduardo Fajardo,The Important Man
Eduardo Fajardo,Murders in Chicago
Eduardo Fajardo,The Adolescents
Eduardo Fajardo,Mare nostrum
Eduardo Fajardo,No le busques tres pies...
Eduardo Fajardo,The Two Faces of Fear
Eduardo Fajardo,The Killer with a Thousand Eyes
Eduardo Fajardo,I due toreri
Eduardo Fajardo,The Intruder
Eduardo Fajardo,They Paid with Bullets: Chicago 1929
Eduardo Fajardo,Fuenteovejuna
Eduardo Fajardo,Pájaros de ciudad
Eduardo Fajardo,The Three Musketeers of the West
Eduardo Fajardo,Ricco
Eduardo Fajardo,Near the city
Eduardo Fajardo,El despertar de los sentidos
Eduardo Fajardo,"Bangkok, City of the Dead"
Eduardo Fajardo,Biting Life
Eduardo Fajardo,Gentleman Killer
Eduardo Fajardo,Father Jackleg
Eduardo Fajardo,Una chica y un señor
Eduardo Fajardo,Dawn of America
Eduardo Fajardo,Lone and Angry Man
Eduardo Fajardo,Gloria Mairena
Eduardo Fajardo,Delusions of Grandeur
Eduardo Fajardo,Nightmare City
Eduardo Fajardo,"Life, Love and Death"
Eduardo Fajardo,Death Knows No Time
Eduardo Fajardo,Bootleggers
Eduardo Fajardo,Las marginadas
Eduardo Fajardo,La duquesa de Benamejí
Eduardo Fajardo,Vultures Over the City
Eduardo Fajardo,The Knave
Eduardo Fajardo,The Killer Must Kill Again
Eduardo Fajardo,The Four Musketeers
Eduardo Fajardo,Murder Mansion
Eduardo Fajardo,Lucecita
Eduardo Fajardo,Sonny and Jed
Eduardo Fajardo,Toda una vida
Eduardo Fajardo,Los Gozos y las Sombras
Eduardo Fajardo,Counselor at Crime
Eduardo Fajardo,La ragazza dalla pelle di corallo
Eduardo Fajardo,Los flamencos
Eduardo Fajardo,"Loyola, the Soldier Saint"
Eduardo Fajardo,Satan's Five Warnings
Eduardo Fajardo,L'Homme de Suez
Eduardo Fajardo,Evil Eye
Eduardo Fajardo,Barcelona Kill
Eduardo Fajardo,Neurosis
Eduardo Fajardo,Airport
Eduardo Fajardo,Tres mujeres de hoy
Eduardo Fajardo,Don't Turn the Other Cheek
Eduardo Fajardo,Last of the Badmen
Eduardo Fajardo,Mission Phantom
Eduardo Fajardo,El mesón del gitano
Eduardo Fajardo,Noche de reyes
Eduardo Fajardo,Lisa and the Devil
Eduardo Fajardo,Valley of the Dancing Widows
Eduardo Fajardo,The Brother from Space
Eduardo Fajardo,"Agent 3S3, Massacre in the Sun"
Eduardo Fajardo,El sótano
Eduardo Fajardo,La Barraca
Eduardo Fajardo,La engañadora
Eduardo Fajardo,Transplant of a Brain
Eduardo Fajardo,Assault on Fort Texan
Eduardo Fajardo,Black Jack
Eduardo Fajardo,Sabata the Killer
Ángel Álvarez,Agustina of Aragon
Ángel Álvarez,Curro Jiménez
Ángel Álvarez,Fray Escoba
Ángel Álvarez,Nadie lo sabrá
Ángel Álvarez,El puente de la paz
Ángel Álvarez,Three Etc.'s and the Colonel
Ángel Álvarez,El inquilino
Ángel Álvarez,Aquellos tiempos del cuplé
Ángel Álvarez,Uno del millón de muertos
Ángel Álvarez,Legions of the Nile
Ángel Álvarez,Luxury Cabin
Ángel Álvarez,Don Quixote
Ángel Álvarez,El encuentro
Ángel Álvarez,The Great Galeoto
Ángel Álvarez,Una isla con tomate
Ángel Álvarez,"Non faccio la guerra, faccio l'amore"
Ángel Álvarez,Honorables Sinvergüenzas
Ángel Álvarez,Tigers in Lipstick
Ángel Álvarez,Mañana cuando amanezca
Ángel Álvarez,Tercio de quites
Ángel Álvarez,Tales to Keep You Awake
Ángel Álvarez,Facultad de Letras
Ángel Álvarez,El gafe
Ángel Álvarez,Doña Perfecta
Ángel Álvarez,Duelo de pasiones
Ángel Álvarez,The Marquis of Salamanca
Ángel Álvarez,La fierecilla domada
Ángel Álvarez,Nosotros dos
Ángel Álvarez,El hombre que viajaba despacito
Ángel Álvarez,El cálido verano del señor Rodríguez
Ángel Álvarez,Currito de la Cruz
Ángel Álvarez,Pequeñeces
Ángel Álvarez,The Mercenary
Ángel Álvarez,Police Calling 091
Ángel Álvarez,El hombre del paraguas blanco
Ángel Álvarez,Eroe vagabondo
Ángel Álvarez,La señora de Fátima
Ángel Álvarez,Juego de niños
Ángel Álvarez,El crimen de Pepe Conde
Ángel Álvarez,Los chicos
Ángel Álvarez,El secreto de papá
Ángel Álvarez,Journey to the Centre of the Earth
Ángel Álvarez,El insólito embarazo de los Martínez
Ángel Álvarez,Revenge
Ángel Álvarez,Isidro el labrador
Ángel Álvarez,Un paso al frente
Ángel Álvarez,Der Löwe von Babylon
Ángel Álvarez,Mi calle
Ángel Álvarez,Préstame quince días
Ángel Álvarez,The Little Apartment
Ángel Álvarez,The Price of Power
Ángel Álvarez,Vida íntima de un seductor cínico
Ángel Álvarez,Las muchachas de azul
Ángel Álvarez,Soldados
Ángel Álvarez,Nunca es tarde
Ángel Álvarez,The Betrothed
Ángel Álvarez,Fulano y Mengano
Ángel Álvarez,Tres huchas para Oriente
Ángel Álvarez,Django
Ángel Álvarez,Cemetery Without Crosses
Ángel Álvarez,Ligeramente viudas
Ángel Álvarez,Yankee Dudler
Ángel Álvarez,Una chica casi decente
Ángel Álvarez,El alma se serena
Ángel Álvarez,Días de feria
Ángel Álvarez,La montaña rebelde
Ángel Álvarez,El balcón de la Luna
Ángel Álvarez,Historias de Madrid
Ángel Álvarez,Die Sklavenkarawane
Ángel Álvarez,The Coyote's Justice
Ángel Álvarez,"Celos, amor y Mercado Común"
Ángel Álvarez,Hospital general
Ángel Álvarez,La gran mentira
Ángel Álvarez,El reprimido
Ángel Álvarez,Navajo Joe
Ángel Álvarez,Fin de semana
Ángel Álvarez,Crossfire in Caracas
Ángel Álvarez,"Nosotros, los decentes"
Ángel Álvarez,National III
Ángel Álvarez,The National Shotgun
Ángel Álvarez,The Stash
Ángel Álvarez,A Tied Blasé
Ángel Álvarez,En Baldiri de la costa
Ángel Álvarez,Último día
Ángel Álvarez,Valentine's Day
Ángel Álvarez,Compadece al delincuente
Ángel Álvarez,Cupido contrabandista
Ángel Álvarez,La frontera de Dios
Ángel Álvarez,The Scarlet Letter
Ángel Álvarez,Accidente 703
Ángel Álvarez,La quiniela
Ángel Álvarez,Tintin and the Blue Oranges
Ángel Álvarez,De Madrid al cielo
Ángel Álvarez,The Adventures of Scaramouche
Ángel Álvarez,Graf Luckner
Ángel Álvarez,Pacto de silencio
Ángel Álvarez,The Anchorite
Ángel Álvarez,La luna vale un millón
Ángel Álvarez,Con la vida hicieron fuego
Ángel Álvarez,Noche de tormenta
Ángel Álvarez,Anna Said Yes
Ángel Álvarez,El rediezcubrimiento de México
Ángel Álvarez,Polvorilla
Ángel Álvarez,Welcome Mr. Marshall!
Ángel Álvarez,Operación: Embajada
Ángel Álvarez,Ricco
Ángel Álvarez,Near the city
Ángel Álvarez,En un mundo nuevo
Ángel Álvarez,Mademoiselle de Maupin
Ángel Álvarez,Esa mujer
Ángel Álvarez,Corazón solitario
Ángel Álvarez,Margarita se llama mi amor
Ángel Álvarez,"¿Dónde vas, Alfonso XII?"
Ángel Álvarez,The Executioner
Ángel Álvarez,El amor que yo te dí
Ángel Álvarez,Father Jackleg
Ángel Álvarez,La gran familia
Ángel Álvarez,Damned Pistols of Dallas
Ángel Álvarez,El genio alegre
Ángel Álvarez,Júrame
Ángel Álvarez,Avisa a Curro Jiménez
Ángel Álvarez,Historias de la televisión
Ángel Álvarez,Pasto de fieras
Ángel Álvarez,Mi canción es para ti
Ángel Álvarez,La becerrada
Ángel Álvarez,The Adventurer of Seville
Ángel Álvarez,Doña Francisquita
Ángel Álvarez,Delusions of Grandeur
Ángel Álvarez,I Was a Parish Priest
Ángel Álvarez,Requiem for a Gringo
Ángel Álvarez,Lola the Coalgirl
Ángel Álvarez,Mi marido y sus complejos
Ángel Álvarez,Sabían demasiado
Ángel Álvarez,La bella Mimí
Ángel Álvarez,The Devil's Roundup
Ángel Álvarez,¡Qué cosas tiene el amor!
Ángel Álvarez,The Four Truths
Ángel Álvarez,Andalusia Express
Ángel Álvarez,Red Fish
Ángel Álvarez,The Wheelchair
Ángel Álvarez,El asfalto
Ángel Álvarez,La vida en un bloc
Ángel Álvarez,Tres eran tres
Ángel Álvarez,Marisol rumbo a Río
Ángel Álvarez,Familia provisional
Ángel Álvarez,Airport
Ángel Álvarez,Guerreras verdes
Ángel Álvarez,Un marido de ida y vuelta
Ángel Álvarez,Ligue Story
Ángel Álvarez,Un rolls para Hipólito
Ángel Álvarez,Those Who Did Not Go to War
Ángel Álvarez,La vida alrededor
Ángel Álvarez,Earthquake in Chile
Ángel Álvarez,Zorro the Avenger
Ángel Álvarez,Esa voz es una mina
Ángel Álvarez,El cerro de los locos
Ángel Álvarez,Sweet Pain
Ángel Álvarez,The Invincible
Ángel Álvarez,Operation Delilah
Ángel Álvarez,La mujer es un buen negocio
Ángel Álvarez,Fury of Johnny Kid
Ángel Álvarez,Despedida de soltero
Ángel Álvarez,Tiempos felices
Ángel Álvarez,Path Unknown
Ángel Álvarez,Muchachas en vacaciones
Franco Nero,Compañeros
Franco Nero,La battaglia di Gorthene
Franco Nero,Ulisse. Il piacere della scoperta
Franco Nero,21 Hours at Munich
Franco Nero,The Match
Franco Nero,Havana Kyrie
Franco Nero,Buon Lavoro
Franco Nero,"Liebe, Lügen, Leidenschaften"
Franco Nero,Iceman
Franco Nero,Breath of Life
Franco Nero,The Girl
Franco Nero,The Lost City of Z
Franco Nero,Road to Capri
Franco Nero,The Salamander
Franco Nero,The Jester from Transylvania
Franco Nero,The Flower in His Mouth
Franco Nero,Bad Inclination
Franco Nero,The Estate
Franco Nero,Azzurro profondo
Franco Nero,Challenge to White Fang
Franco Nero,The Last Four Days
Franco Nero,The Battle of Neretva
Franco Nero,"The Wild, Wild Planet"
Franco Nero,Immortalist
Franco Nero,The Broken Key
Franco Nero,Hans
Franco Nero,Titanus 1904
Franco Nero,Mirka
Franco Nero,Recon
Franco Nero,Deaf Smith & Johnny Ears
Franco Nero,Rack Up
Franco Nero,Io e il re
Franco Nero,The Medal
Franco Nero,Il crimine non va in pensione
Franco Nero,Grog
Franco Nero,The Man with Bogart's Face
Franco Nero,The Mercenary
Franco Nero,The Hitchhiker
Franco Nero,New Order
Franco Nero,Young Catherine
Franco Nero,Dropout
Franco Nero,Father
Franco Nero,Fumata blanca
Franco Nero,Talk of Angels
Franco Nero,Magdalene
Franco Nero,The Last Days of Pompeii
Franco Nero,Day of the Cobra
Franco Nero,Love Island
Franco Nero,The Day of the Owl
Franco Nero,The Man from Rome
Franco Nero,Die Försterbuben
Franco Nero,Enter the Ninja
Franco Nero,Django Unchained
Franco Nero,L'inchiesta - Anno Domini XXXIII
Franco Nero,Guardiani delle nuvole
Franco Nero,Compagni d'arte
Franco Nero,War of the Planets
Franco Nero,Letters to Juliet
Franco Nero,The Versace Murder
Franco Nero,Blaues Blut
Franco Nero,Das Babylon Komplott
Franco Nero,Django Strikes Again
Franco Nero,The Pirate
Franco Nero,Smiling Maniacs
Franco Nero,Figli di Maam
Franco Nero,A Rose in Winter
Franco Nero,The Shark Hunter
Franco Nero,Confessions of a Police Captain
Franco Nero,The Last Gunfighter
Franco Nero,The Neighborhood
Franco Nero,The Holy Family
Franco Nero,Rainer Werner Fassbinder: Last Works
Franco Nero,"Man, Pride and Vengeance"
Franco Nero,Django
Franco Nero,Blood Brothers
Franco Nero,Franco Nero: Back in the Saddle
Franco Nero,Bella Mafia
Franco Nero,Memories They Told Me
Franco Nero,On Our Way
Franco Nero,Two Men Alone
Franco Nero,Ed è subito sera
Franco Nero,Obsessive Rythms
Franco Nero,The Outsider: The Cinema of Antonio Margheriti
Franco Nero,Race to Danger
Franco Nero,I Knew Her Well
Franco Nero,In the Hand of Dante
Franco Nero,"Django, Sartana, Trinita' et les autres…"
Franco Nero,The Crusaders
Franco Nero,A Quiet Place in the Country
Franco Nero,Sergio Corbucci: The Smiling Man
Franco Nero,Na sowas!
Franco Nero,Saint Paul
Franco Nero,Red Chairs - Parma and the Cinema
Franco Nero,The Virgin and the Gypsy
Franco Nero,Rasputin
Franco Nero,Street Law
Franco Nero,"Killing Is My Business, Honey"
Franco Nero,La rabbia
Franco Nero,La ragion pura
Franco Nero,Bastardi
Franco Nero,David
Franco Nero,I promessi sposi
Franco Nero,Oggi ho vinto anch'io
Franco Nero,Marina Cicogna - La vita e tutto il resto
Franco Nero,Christmas in Rome
Franco Nero,Rosamunde Pilcher - Magic of Love
Franco Nero,Two Families
Franco Nero,Mein Herz in Chile
Franco Nero,Sahara Cross
Franco Nero,La voce del sangue
Franco Nero,La Celestina P… R…
Franco Nero,The Hired Killer
Franco Nero,Ultimo stadio
Franco Nero,Test of Memory
Franco Nero,Der Fall Lucona
Franco Nero,Red Bells Part II: I Saw the Birth of a New World
Franco Nero,Sweet Country
Franco Nero,Hitch Hike
Franco Nero,Il tesoro di Damasco
Franco Nero,Brothers and Sisters
Franco Nero,Top Line
Franco Nero,Agony
Franco Nero,Summer Solstice
Franco Nero,Elio Petri: Notes About a Filmmaker
Franco Nero,Der große Preis
Franco Nero,Denn sie kennen kein Erbarmen - Der Italowestern
Franco Nero,Il Ritorno di Sandokan
Franco Nero,Sardinia Kidnapped
Franco Nero,Gold
Franco Nero,Devil's Crude
Franco Nero,Crazy Dog
Franco Nero,The Blue-Eyed Bandit
Franco Nero,The Falcon
Franco Nero,Rosamunde Pilcher's Four Seasons
Franco Nero,The Temptation Of Gracie
Franco Nero,Giornata Nera
Franco Nero,Megiddo: The Omega Code 2
Franco Nero,Desideria e l'anello del drago
Franco Nero,Post Coitum
Franco Nero,"Texas, Adios"
Franco Nero,Il sangue e la rosa
Franco Nero,"Márió, a varázsló"
Franco Nero,Camelot
Franco Nero,Touch and Die
Franco Nero,The Dragon Ring
Franco Nero,The 5th Day of Peace
Franco Nero,Young Toscanini
Franco Nero,Eurocrime! The Italian Cop and Gangster Films That Ruled the '70s
Franco Nero,Mineurs
Franco Nero,Prigioniero di un segreto
Franco Nero,The Final Inquiry
Franco Nero,Viva el lunes
Franco Nero,"Cry, Onion!"
Franco Nero,Painted Lady
Franco Nero,Red Land
Franco Nero,Along the River
Franco Nero,Cars 2
Franco Nero,The Dark Dance
Franco Nero,The Collini Case
Franco Nero,Run for Your Life
Franco Nero,Harmonie
Franco Nero,Le rose di Danzica
Franco Nero,Force 10 from Navarone
Franco Nero,Vacation
Franco Nero,How to Kill a Judge
Franco Nero,Vasco Rossi - È solo un rock'n'roll show
Franco Nero,Off the Rails
Franco Nero,The Time of Their Lives
Franco Nero,Killer Mermaid
Franco Nero,Amore e libertà - Masaniello
Franco Nero,We Are Cinema
Franco Nero,Emigratis
Franco Nero,White Fang
Franco Nero,Redneck
Franco Nero,Delicious
Franco Nero,Keoma
Franco Nero,Forever Blues
Franco Nero,A Night at the Grand Hotel
Franco Nero,I Tarantiniani
Franco Nero,Agony (L'esecutore)
Franco Nero,Die achte Todsünde: Das Toskana-Karussell
Franco Nero,The Man Who Drew God
Franco Nero,Handy
Franco Nero,The Innocent Sleep
Franco Nero,Bathory: Countess of Blood
Franco Nero,Mimi
Franco Nero,The Duel
Franco Nero,Silent Life: The Story of the Lady in Black
Franco Nero,Franco Cristaldi e il suo cinema Paradiso
Franco Nero,Uninvited
Franco Nero,"The Case Is Closed, Forget It"
Franco Nero,Sacra Corona
Franco Nero,The Fifth Cord
Franco Nero,Li chiamarono... briganti!
Franco Nero,The Repenter
Franco Nero,Law & Order: Special Victims Unit
Franco Nero,André schafft sie alle
Franco Nero,High Crime
Franco Nero,Death Rite
Franco Nero,Jonathan of the Bears
Franco Nero,The Legend of Valentino
Franco Nero,Tristana
Franco Nero,Querelle
Franco Nero,Massacre Time
Franco Nero,Submission
Franco Nero,Die Hard 2
Franco Nero,In the Company of Compañeros
Franco Nero,Detective Belli
Franco Nero,The Monk
Franco Nero,The Bible: In the Beginning...
Franco Nero,The Conquest
Franco Nero,Der Fürst und das Mädchen
Franco Nero,The Visitor
Franco Nero,Don't Turn the Other Cheek
Franco Nero,The Third Eye
Franco Nero,Istintobrass
Franco Nero,The Last Alchemist
Franco Nero,Desert of Fire
Franco Nero,The Spaghetti West
Franco Nero,Django & Django: Sergio Corbucci Unchained
Franco Nero,The Tramplers
Franco Nero,Amelia Lópes O'Neill
Franco Nero,The Harder They Come
Franco Nero,Django Lives!
Franco Nero,Un altare per la madre
Franco Nero,Entree Des Artists
Franco Nero,The Assassination of Matteotti
Franco Nero,Pope Joan
Franco Nero,Giorni Felici
Franco Nero,Through the Night with...
Franco Nero,Un delitto
Franco Nero,Augustine: The Decline of the Roman Empire
Franco Nero,The Uncrowned Heart
Franco Nero,Kamikaze 1989
Franco Nero,Italian Engagement
Franco Nero,Victory March
Franco Nero,Earth
Franco Nero,Road to Ruin
Franco Nero,John Wick: Chapter 2
Franco Nero,The Pope's Exorcist
Franco Nero,"Electric Boogaloo: The Wild, Untold Story of Cannon Films"
Franco Nero,Red Bells Part I: Mexico on Fire
José Bódalo,Agustina of Aragon
José Bódalo,Cristo Negro
José Bódalo,Compañeros
José Bódalo,Fray Escoba
José Bódalo,Las cicatrices
José Bódalo,"...And the Third Year, He Resuscitated"
José Bódalo,El mercader de Venecia
José Bódalo,Dead Are Countless
José Bódalo,Los derechos de la mujer
José Bódalo,Cotolay
José Bódalo,Teresa de Jesús
José Bódalo,Tales to Keep You Awake
José Bódalo,Facultad de Letras
José Bódalo,Ensayo general para la muerte
José Bódalo,El crack dos
José Bódalo,Alhucemas
José Bódalo,Tiempos de constitución
José Bódalo,Spoiled Children
José Bódalo,El juego de la verdad
José Bódalo,El crack
José Bódalo,Cabaret
José Bódalo,My Friend the Vagabond
José Bódalo,El concierto de San Ovidio
José Bódalo,La Comedia Musical Española
José Bódalo,Ambiciosa
José Bódalo,Protagonistas del recuerdo
José Bódalo,Los mosquitos
José Bódalo,Doce hombres sin piedad
José Bódalo,Truhanes de honor
José Bódalo,Las alegres chicas de Colsada
José Bódalo,Historia en dos aldeas
José Bódalo,Las autonosuyas
José Bódalo,La barrera
José Bódalo,Django
José Bódalo,Manchas de sangre en la luna
José Bódalo,Find Me That Girl
José Bódalo,Reckless
José Bódalo,Los extremeños se tocan
José Bódalo,Réquiem por un empleado
José Bódalo,Fantasía... 3
José Bódalo,Hoy como ayer
José Bódalo,Los que tocan el piano
José Bódalo,Ringo's Big Night
José Bódalo,La espada negra
José Bódalo,Educando a una idiota
José Bódalo,Girlfriends
José Bódalo,Kill and Be Killed
José Bódalo,Aventura en las islas Cíes
José Bódalo,Amaya
José Bódalo,Blood in the Bullring
José Bódalo,One After Another
José Bódalo,Sound of Horror
José Bódalo,El pecador y la bruja
José Bódalo,Las chicas del bingo
José Bódalo,Captain Apache
José Bódalo,Father Cami's Wedding
José Bódalo,Nuevo en esta plaza
José Bódalo,The Beehive
José Bódalo,Professionals for a Massacre
José Bódalo,"Killer 77, Alive or Dead"
José Bódalo,Una mujer prohibida
José Bódalo,Vuelo 971
José Bódalo,El grano de mostaza
José Bódalo,Prohibido soñar
José Bódalo,Prohibido suicidarse en primavera
José Bódalo,Spies Kill Silently
José Bódalo,A Train for Durango
José Bódalo,The Last Kamikaze
José Bódalo,The Devil's Roundup
José Bódalo,To Begin Again
José Bódalo,Tío Vania
José Bódalo,Cañas y barro
José Bódalo,Thompson 1880
José Bódalo,Tres eran tres
José Bódalo,Vamos a contar mentiras
José Bódalo,El mejor del mundo
José Bódalo,Todos eran mis hijos
José Bódalo,Double Feature
José Bódalo,Madres solteras
José Bódalo,Un enemigo del pueblo
José Bódalo,Dollars for a Fast Gun
José Bódalo,Persecución hasta Valencia
José Bódalo,Últimas tardes con Teresa
José Bódalo,The Salary of Crime
José Bódalo,The Twins
José Bódalo,El mejor regalo
José Bódalo,La laguna negra
José Bódalo,Black Jack
José Bódalo,El canto de la cigarra
